{"text": " Hi hello this is testing", "segments": [{"id": 0, "seek": 0, "start": 0.0, "end": 2.0, "text": " Hi hello this is testing", "tokens": [50365, 2421, 7751, 341, 307, 4997, 50465], "temperature": 0.0, "avg_logprob": -0.46300265192985535, "compression_ratio": 0.8, "no_speech_prob": 8.043663933705869e-13}], "language": "en"}